player,home,away
Cristiano Ronaldo,54.94505494505495,45.05494505494506
