result,count,percentage
away_team_win,4146,31.33786848072562
home_team_win,7134,53.92290249433107
draw,1950,14.73922902494331
